Model,Product,MAE,RMSE,R2,MAPE%
Residual_GRU,MG95,1.546456217765808,2.8662728246086995,0.9754266738891602,1.5333941
Residual_GRU,MG92,1.4973386526107788,2.6972797677942038,0.9755959510803223,1.5466905
Residual_GRU,DO_0001,2.2573745250701904,5.09244806232288,0.975834846496582,1.7728637
Residual_GRU,DO_005,2.2549469470977783,5.077903766214514,0.9733652472496033,1.8015306
Residual_LSTM,MG95,1.556006908416748,2.866543315481001,0.9754220247268677,1.5424064
Residual_LSTM,MG92,1.5034706592559814,2.698756574487563,0.9755692481994629,1.552324
Residual_LSTM,DO_0001,2.278330087661743,5.147648706052865,0.9753081202507019,1.784829
Residual_LSTM,DO_005,2.2581188678741455,5.057667816138514,0.973577082157135,1.8037211
Ensemble_Blend,MG95,1.5462250709533691,2.8634156407645226,0.9754756093025208,1.532462
Ensemble_Blend,MG92,1.496772289276123,2.6927424907669932,0.975678026676178,1.5458544
Ensemble_Blend,DO_0001,2.2654216289520264,5.114377061008307,0.9756262898445129,1.7768734
Ensemble_Blend,DO_005,2.254068374633789,5.0654278989236765,0.9734959602355957,1.800492
