Horizon_Days,Horizon_Label,Product,Product_Name,MAE,RMSE,MAPE%,R2
1,T+1 (1 Ngay),MG95,MOGAS 95 Unleaded,1.56,2.91,1.55,0.9743
1,T+1 (1 Ngay),MG92,MOGAS 92 Unleaded,1.72,2.89,1.81,0.9715
1,T+1 (1 Ngay),DO_0001,Gasoil 10ppm (DO 0.001%),2.28,5.21,1.8,0.9738
1,T+1 (1 Ngay),DO_005,Gasoil 500ppm (DO 0.05%),2.35,5.17,1.9,0.9713
3,T+3 (3 Ngay),MG95,MOGAS 95 Unleaded,3.04,5.42,3.01,0.9115
3,T+3 (3 Ngay),MG92,MOGAS 92 Unleaded,2.91,4.83,3.0,0.9207
3,T+3 (3 Ngay),DO_0001,Gasoil 10ppm (DO 0.001%),4.24,9.05,3.34,0.9216
3,T+3 (3 Ngay),DO_005,Gasoil 500ppm (DO 0.05%),4.26,9.46,3.42,0.9046
7,T+7 (7 Ngay),MG95,MOGAS 95 Unleaded,4.69,8.17,4.59,0.8005
7,T+7 (7 Ngay),MG92,MOGAS 92 Unleaded,4.43,7.36,4.56,0.8177
7,T+7 (7 Ngay),DO_0001,Gasoil 10ppm (DO 0.001%),7.04,14.48,5.53,0.8032
7,T+7 (7 Ngay),DO_005,Gasoil 500ppm (DO 0.05%),6.96,14.8,5.56,0.7717
20,T+20 (20 Ngay),MG95,MOGAS 95 Unleaded,7.82,14.33,7.42,0.4117
20,T+20 (20 Ngay),MG92,MOGAS 92 Unleaded,7.4,13.04,7.36,0.4548
20,T+20 (20 Ngay),DO_0001,Gasoil 10ppm (DO 0.001%),13.15,26.97,9.81,0.3561
20,T+20 (20 Ngay),DO_005,Gasoil 500ppm (DO 0.05%),13.13,27.33,9.96,0.267
